<?xml version="1.0" encoding="utf-8" ?>

<Node Name="Home" Url="/Default.aspx">
	<!--<Node Name="Catalog" Url="/WebPage/Product/CatalogList.aspx">
		<Node Name="Product Detail" Url="/WebPage/Product/Catalog.aspx">
			<Param Name="" Params="CatalogID" SqlString="select name from catalog where id={0}" FormatString="{S}" />
		</Node>

		<Node Name="Product Detail" Url="/WebPage/Product/ProductDetail.aspx">
			<Param Name="" Params="CatalogItemID" SqlString="select productname from catalogitem ci,product p where ci.catno=p.catno and id={0}" FormatString="{S}" />
		</Node>

		<Node Name="test" Url="/WebPage/Public/News.aspx">
			<Node Name="News Detail" Url="/WebPage/Public/NewsDetail.aspx">
				<Param Name="test" Params="NewsID" SqlString="select name from news where id={0}" FormatString="{S}" />
			</Node>
		</Node>

		<Node Name="asdfa" Url="/WebPage/Product/Promotion.aspx"></Node>

	</Node>-->
	<Node Name="Custom Product" Url="/WebPage/Product/CatalogList.aspx">
		<Node Name="Catalog" Url="/WebPage/Product/Catalog.aspx">
			<Param Name="" Params="CatalogID" SqlString="select name from catalog where id={0}" FormatString="{S} List" />
			<Node Name="Product Detail" Url="/WebPage/Product/ProductDetail.aspx">
				<Param Name="" Params="CatalogItemID" SqlString="select p.productname from dbo.CatalogItem ci INNER JOIN dbo.Product p ON ci.catno=p.catno where id={0}" FormatString="{S}" />
			</Node>
		</Node>
		<Node Name="Catalog Detail" Url="/WebPage/Product/CatalogDetail.aspx">
			<Param Name="" Params="CatalogID" SqlString="select name from Catalog where id={0}" FormatString="{S}" />
		</Node>
	</Node>
	<Node Name="Browse by Research Area" Url="/WebPage/Product/ResearchAreaPage.aspx">

	</Node>

	<Node Name="News" Url="/WebPage/Public/News.aspx">
		<Node Name="New Detail" Url="/WebPage/Public/NewsDetail.aspx">
			<Param Name="" Params="NewsID" SqlString="select name from news where id={0}" FormatString="{S}" />
		</Node>
	</Node>
	<Node Name="Special Offers" Url="/WebPage/Product/Promotion.aspx">
		<Node Name="" Url="/WebPage/Product/PromotionDetail.aspx">
			<Param Name="" Params="PromotionID" SqlString="SELECT Name FROM News WHERE id={0}" FormatString="{S}" />
		</Node>
	</Node>
	<Node Name="My Account" Url="/WebPage/Member/MyAccount.aspx">
		<Node Name="My Account Profile" Url="/WebPage/Member/MyProfile.aspx"></Node>
		<Node Name="My Order History" Url="/WebPage/Member/MyOrderHistory.aspx"></Node>
		<Node Name="Change Password" Url="/WebPage/Member/ChangePassword.aspx"></Node>
		<Node Name="My Address Info" Url="/WebPage/Member/OrderInfo.aspx?type=addresslist"></Node>
		<Node Name="My Address Info" Url="/WebPage/Member/Address.aspx"></Node>
	</Node>
	<Node Name="Login" Url="/WebPage/Member/Login.aspx"></Node>
	<Node Name="Technical Support" Url="/WebPage/Member/Support.aspx"></Node>
	<Node Name="Distributors" Url="/WebPage/Public/Distributors.aspx"></Node>
	<Node Name="Support" Url="/WebPage/Public/StaticPage.aspx">
		<Param Name="" Params="page" SqlString="select Name from tb_StaticPage where Type='{0}'" FormatString="{S}" />
	</Node>
	<Node Name="Literature" Url="/WebPage/Public/Literature.aspx"></Node>
	<Node Name="WishList" Url="/WebPage/Member/WishList.aspx"></Node>
	<Node Name="Shopping Cart" Url="/WebPage/Member/IceBucket.aspx">
		<Node Name="Order Info" Url="/WebPage/Member/OrderInfo.aspx">
			<Node Name="Order Review" Url="/WebPage/Member/OrderReview.aspx">
				<Node Name="Order Result" Url="/WebPage/Member/OrderResult.aspx">

				</Node>
			</Node>
		</Node>

	</Node>

	<Node Name="Quick Order" Url="/WebPage/Member/QuickOrder.aspx"></Node>





</Node>
