<?xml version="1.0"?>
<page name="TEMPLATES">
  <Resource tag="CONTACTUS_TEXT">
    Thank you for your inquiry.

    This is an automated message to inform you that our Technical Service team is dealing with your inquiry.

    To follow the progress open the following link in your browser:

    {link}

    Thank you for your patience.
  </Resource>
  <Resource tag="CONTACTUS_HTML" editType="html">
    
  </Resource>
	<Resource tag="CONTACTSALES_TEXT">
		A new message has been posted in the thread GTX,Application at GeneTex Forum. 
		
		To read the message, open the following link
		
		{link}
		
	</Resource>
	<Resource tag="CONTACTSALES_HTML" editType="html">
		
	</Resource>
	<Resource tag="SUPPORT_TEXT">
    A new message has been posted in the thread GTX,Application at GeneTex Forum.

    To read the message, open the following link

    {link}
  </Resource>
  <Resource tag="SUPPORT_HTML" editType="html">
		
	</Resource>
	<Resource tag="NEWACCOUNTEMAIL_TEXT">
		Dear {firstname} {lastname},

		Thank you for creating an account at genetex.com. 
		Please bookmark our site. 
		We frequently update our website to provide our customers with a current and comprehensive catalog of our products. 
		At GeneTex, we strive to provide the highest quality antibody reagents to the scientific community.  
		Products may be purchased by phone, fax or through our website: http://www.genetex.com

		If you require any assistance please contact us at:

		support@genetex.com
		toll free: 1-877-GeneTex (436-3839)





		Sincerely,
		The GeneTex Team
	</Resource>
	<Resource tag="NEWACCOUNTEMAIL_HTML" editType="html">

	</Resource>

  <Resource tag="SURVEY_TEXT">
   The customer made the survey after ordering the product.
   His information is listed below:
    
   Name : {name}
   Email : {email}
   OrderNum : {ordernum} 
   Date : {date} 
    
  </Resource>
  <Resource tag="SURVEY_HTML" editType="html">

  </Resource>

  <Resource tag="PASSWORDEMAIL_TEXT">

    Please return to GeneTex site and log in using the following information:
    
    Account : {account}
    Password : {password}

  </Resource>
  <Resource tag="PASSWORDEMAIL_HTML" editType="html">

  </Resource>
</page>